{
  "model_type": "rf",
  "accuracy": 0.985,
  "cv_mean": 0.9730000000000001,
  "feature_weights": {
    "effort_pct": 0.2482381441925596,
    "result_pct": 0.30395883018912356,
    "compression": 0.13955523281929058,
    "slope": 0.17569350263438557,
    "speed": 0.02264245924044325,
    "momentum": 0.02633655779781016,
    "effort_ma": 0.0447162989115139,
    "result_ma": 0.03885897421487335
  },
  "derived_thresholds": {
    "ml_effort_threshold": 1.1479735768028587,
    "ml_result_threshold": -0.991787654528398,
    "ml_compression_threshold": 0.6,
    "ml_slope_threshold": 0.3,
    "ml_speed_threshold": 2.0
  }
}